video_id,published_date,source,updated_at
-1cF7-WCQeQ,2023-03-14,youtube_browser_metadata,2026-07-05T16:40:36
-DhmPsCCWGo,2019-08-15,youtube_browser_metadata,2026-07-05T16:40:36
-NWmnh19toU,2020-10-27,youtube_browser_metadata,2026-07-05T16:40:36
-PBKuwy3YZ4,2023-04-25,youtube_browser_metadata,2026-07-05T16:40:36
-bY4zxb_U3Q,2023-08-23,youtube_browser_metadata,2026-07-05T16:40:36
-hvdCNLnfo8,2024-06-19,youtube_browser_metadata,2026-07-05T16:40:36
-jsbFDRoqm0,2018-07-27,youtube_browser_metadata,2026-07-05T16:40:36
-nDOElrvgR8,2022-08-02,youtube_browser_metadata,2026-07-05T16:40:36
-xHia4igdVM,2023-08-04,youtube_browser_metadata,2026-07-05T16:40:36
053iZT8Lqws,2024-01-24,youtube_browser_metadata,2026-07-05T16:40:36
0M_l2efjTys,2025-07-29,youtube_browser_metadata,2026-07-05T16:40:36
0Z9qaRJFuVA,2020-10-21,youtube_browser_metadata,2026-07-05T16:40:36
0_18LXLvR9Y,2025-05-21,youtube_browser_metadata,2026-07-05T16:40:36
0bM6dBnKjHw,2024-10-01,youtube_browser_metadata,2026-07-05T16:40:36
0dBH8QxdpAE,2025-11-18,youtube_browser_metadata,2026-07-05T16:40:36
0fgxmEfMWrY,2018-02-28,youtube_browser_metadata,2026-07-05T16:40:36
0mB6NqCZSnc,2025-03-12,youtube_browser_metadata,2026-07-05T16:40:36
0qnFxDNz0bI,2024-01-17,youtube_browser_metadata,2026-07-05T16:40:36
0xOXEYmbDnk,2025-07-15,youtube_browser_metadata,2026-07-05T16:40:36
1DXu-QRjL4c,2023-08-25,youtube_browser_metadata,2026-07-05T16:40:36
1G4IaB0iHgw,2017-08-13,youtube_browser_metadata,2026-07-05T16:40:36
1Ibh_3qF2ac,2023-02-14,youtube_browser_metadata,2026-07-05T16:40:36
1YDfbodyxr0,2020-02-11,youtube_browser_metadata,2026-07-05T16:40:36
1zoGTCrQmuk,2022-10-27,youtube_browser_metadata,2026-07-05T16:40:36
20Csgb67ylE,2023-01-05,youtube_browser_metadata,2026-07-05T16:40:36
20Uuo2Q9MIs,2018-09-20,youtube_browser_metadata,2026-07-05T16:40:36
21ExoXSsFvU,2023-01-23,youtube_browser_metadata,2026-07-05T16:40:36
2O9jWyIGqYY,2024-09-20,youtube_browser_metadata,2026-07-05T16:40:36
2OOHw-ytDy0,2026-04-30,youtube_browser_metadata,2026-07-05T16:40:36
2TF9wQvOzCI,2021-04-29,youtube_browser_metadata,2026-07-05T16:40:36
2ajwEJ3typc,2021-05-05,youtube_browser_metadata,2026-07-05T16:40:36
2qYRuxQWcKU,2022-11-14,youtube_browser_metadata,2026-07-05T16:40:36
2xwfJ0fY0pg,2019-01-15,youtube_browser_metadata,2026-07-05T16:40:36
30DePFcGU9g,2022-08-23,youtube_browser_metadata,2026-07-05T16:40:36
36mEaTK9Fu4,2024-05-15,youtube_browser_metadata,2026-07-05T16:40:36
3D_tsJsnG9A,2021-02-15,youtube_browser_metadata,2026-07-05T16:40:36
3K9PEeLG_6M,2021-03-02,youtube_browser_metadata,2026-07-05T16:40:36
3TCgV7c2si0,2022-09-20,youtube_browser_metadata,2026-07-05T16:40:36
3qeyIICCcqQ,2025-07-03,youtube_browser_metadata,2026-07-05T16:40:36
3u1bZQS2zdU,2025-03-06,youtube_browser_metadata,2026-07-05T16:40:36
41AhC8VDpn0,2018-03-06,youtube_browser_metadata,2026-07-05T16:40:36
44jPKGC9348,2017-12-21,youtube_browser_metadata,2026-07-05T16:40:36
4SBoXXN1VCA,2025-11-13,youtube_browser_metadata,2026-07-05T16:40:36
4_8Y_hxCADw,2020-11-05,youtube_browser_metadata,2026-07-05T16:40:36
51IvO2U_WKA,2020-05-11,youtube_browser_metadata,2026-07-05T16:40:36
56O8fuSaFNA,2017-07-25,youtube_browser_metadata,2026-07-05T16:40:36
5T3pMi6o2zM,2024-01-31,youtube_browser_metadata,2026-07-05T16:40:36
5aXNLpibQIs,2020-04-23,youtube_browser_metadata,2026-07-05T16:40:36
5gL8VKohPF4,2023-02-03,youtube_browser_metadata,2026-07-05T16:40:36
5hPU1eNxWis,2020-06-02,youtube_browser_metadata,2026-07-05T16:40:36
5kDU67RVIhY,2025-10-29,youtube_browser_metadata,2026-07-05T16:40:36
5lOVb4885_I,2023-09-26,youtube_browser_metadata,2026-07-05T16:40:36
5mCh6QKH6-Y,2021-11-08,youtube_browser_metadata,2026-07-05T16:40:36
5vGsFMCOW5M,2026-04-07,youtube_browser_metadata,2026-07-05T16:40:36
6BpqARm8zZI,2021-10-20,youtube_browser_metadata,2026-07-05T16:40:36
6OC4L9mNCWU,2018-08-30,youtube_browser_metadata,2026-07-05T16:40:36
6jBAj9UxNeA,2019-11-15,youtube_browser_metadata,2026-07-05T16:40:36
6lODt4BP3Qo,2019-05-03,youtube_browser_metadata,2026-07-05T16:40:36
6oS1E5BGi0U,2026-03-10,youtube_browser_metadata,2026-07-05T16:40:36
6q0NW3lcEVI,2025-05-02,youtube_browser_metadata,2026-07-05T16:40:36
6rSkge558Ts,2022-11-03,youtube_browser_metadata,2026-07-05T16:40:36
73cXVWxkcwU,2020-01-03,youtube_browser_metadata,2026-07-05T16:40:36
7FgN_8JFclc,2023-04-17,youtube_browser_metadata,2026-07-05T16:40:36
7a7U28Oh4EQ,2018-09-12,youtube_browser_metadata,2026-07-05T16:40:36
7eBGjtysGcY,2023-09-19,youtube_browser_metadata,2026-07-05T16:40:36
82X0dB-gdb4,2017-10-26,youtube_browser_metadata,2026-07-05T16:40:36
8BT0LMsvoag,2017-09-15,youtube_browser_metadata,2026-07-05T16:40:36
8C7hnZMV5Ug,2019-08-23,youtube_browser_metadata,2026-07-05T16:40:36
8J9lOe-NhZg,2025-01-28,youtube_browser_metadata,2026-07-05T16:40:36
8LfhhUD3lVc,2026-03-03,youtube_browser_metadata,2026-07-05T16:40:36
8UkleX_mZMM,2022-06-02,youtube_browser_metadata,2026-07-05T16:40:36
8j8f1djWsZw,2019-01-22,youtube_browser_metadata,2026-07-05T16:40:36
8lchMqp1sZE,2025-03-04,youtube_browser_metadata,2026-07-05T16:40:36
8oAvrETrQEM,2026-03-23,youtube_browser_metadata,2026-07-05T16:40:36
8uxFeTgcEQY,2025-07-01,youtube_browser_metadata,2026-07-05T16:40:36
9Lo-e9WynqA,2023-06-12,youtube_browser_metadata,2026-07-05T16:40:36
9LqXl99Uv-s,2024-02-05,youtube_browser_metadata,2026-07-05T16:40:36
9Mq4lEB3z-4,2020-10-14,youtube_browser_metadata,2026-07-05T16:40:36
9XzCokjm5Vs,2026-02-10,youtube_browser_metadata,2026-07-05T16:40:36
9Y5Wms1gMaA,2020-04-15,youtube_browser_metadata,2026-07-05T16:40:36
9d9zqLvzR_E,2024-04-19,youtube_browser_metadata,2026-07-05T16:40:36
9xaOajblmsc,2022-05-27,youtube_browser_metadata,2026-07-05T16:40:36
AA6OSvt96iw,2020-02-18,youtube_browser_metadata,2026-07-05T16:40:36
ARaFN9tFTGA,2025-08-28,youtube_browser_metadata,2026-07-05T16:40:36
AgsbvCiFnvg,2023-04-06,youtube_browser_metadata,2026-07-05T16:40:36
AhOQeftJ0_g,2021-09-10,youtube_browser_metadata,2026-07-05T16:40:36
AvmMur5Lni8,2021-11-02,youtube_browser_metadata,2026-07-05T16:40:36
B6CTZTywzbo,2022-05-24,youtube_browser_metadata,2026-07-05T16:40:36
BCGVRxP68LE,2023-04-10,youtube_browser_metadata,2026-07-05T16:40:36
BN3-OJgW_mc,2021-03-31,youtube_browser_metadata,2026-07-05T16:40:36
BSAWf0rLe3s,2020-11-03,youtube_browser_metadata,2026-07-05T16:40:36
BTsMQiKb8jA,2023-03-07,youtube_browser_metadata,2026-07-05T16:40:36
BhwEa-jS7AE,2020-11-10,youtube_browser_metadata,2026-07-05T16:40:36
Bmby4KouH2o,2020-01-15,youtube_browser_metadata,2026-07-05T16:40:36
C1BWlypcPa4,2021-07-19,youtube_browser_metadata,2026-07-05T16:40:36
C8tdw7pAFBA,2023-10-09,youtube_browser_metadata,2026-07-05T16:40:36
CCwAv0yg8is,2020-07-15,youtube_browser_metadata,2026-07-05T16:40:36
CKw9MNliFSs,2023-07-11,youtube_browser_metadata,2026-07-05T16:40:36
CLdcW1y_JFs,2024-06-05,youtube_browser_metadata,2026-07-05T16:40:36
CPZ9E5ZzXig,2019-10-23,youtube_browser_metadata,2026-07-05T16:40:36
CT1btaotMpk,2018-03-27,youtube_browser_metadata,2026-07-05T16:40:36
CYmj2UbNg8k,2019-06-04,youtube_browser_metadata,2026-07-05T16:40:36
CZv6DkDap-M,2018-04-18,youtube_browser_metadata,2026-07-05T16:40:36
ChVK6K-BzaQ,2024-06-11,youtube_browser_metadata,2026-07-05T16:40:36
Cms0pC17QOI,2024-06-28,youtube_browser_metadata,2026-07-05T16:40:36
CrWXs5KQo0I,2020-12-23,youtube_browser_metadata,2026-07-05T16:40:36
CtzeJSx0Vk0,2024-12-10,youtube_browser_metadata,2026-07-05T16:40:36
Cwz_GemcWg4,2025-12-09,youtube_browser_metadata,2026-07-05T16:40:36
D1mxqk8enBI,2025-04-11,youtube_browser_metadata,2026-07-05T16:40:36
DN_6bNCJ-kk,2025-01-16,youtube_browser_metadata,2026-07-05T16:40:36
DTRoxd-RS-8,2022-11-09,youtube_browser_metadata,2026-07-05T16:40:36
DYH4rKEVfsw,2023-10-20,youtube_browser_metadata,2026-07-05T16:40:36
Da3cUsqxvks,2021-09-02,youtube_browser_metadata,2026-07-05T16:40:36
DbZ06RkMzZM,2024-07-05,youtube_browser_metadata,2026-07-05T16:40:36
DbcbZmQbTm0,2026-02-24,youtube_browser_metadata,2026-07-05T16:40:36
DlUqF9W8E7M,2026-01-15,youtube_browser_metadata,2026-07-05T16:40:36
DliVsku3kJE,2022-08-19,youtube_browser_metadata,2026-07-05T16:40:36
Dqaxd8fmBIw,2024-12-27,youtube_browser_metadata,2026-07-05T16:40:36
DuB8Y8Y_0qQ,2018-07-10,youtube_browser_metadata,2026-07-05T16:40:36
DuasEh88Rxc,2020-09-02,youtube_browser_metadata,2026-07-05T16:40:36
DxIomU_20bc,2025-10-31,youtube_browser_metadata,2026-07-05T16:40:36
DykU-eK7bz8,2022-03-16,youtube_browser_metadata,2026-07-05T16:40:36
Dyp5B4jutCY,2023-11-13,youtube_browser_metadata,2026-07-05T16:40:36
EHIN-1EC-KU,2024-12-05,youtube_browser_metadata,2026-07-05T16:40:36
ERcLhi1LTMU,2023-12-13,youtube_browser_metadata,2026-07-05T16:40:36
EbLmvADJoug,2021-04-19,youtube_browser_metadata,2026-07-05T16:40:36
EncOrEf2fxU,2020-05-05,youtube_browser_metadata,2026-07-05T16:40:36
EqPqp8TyHnA,2022-10-14,youtube_browser_metadata,2026-07-05T16:40:36
ErdYxH6N_6I,2017-11-20,youtube_browser_metadata,2026-07-05T16:40:36
FO5MBBodrfc,2018-05-01,youtube_browser_metadata,2026-07-05T16:40:36
FT4IROaDnGk,2021-05-18,youtube_browser_metadata,2026-07-05T16:40:36
FrSbBMp45rg,2020-01-08,youtube_browser_metadata,2026-07-05T16:40:36
G5nicVKE5p8,2023-10-23,youtube_browser_metadata,2026-07-05T16:40:36
GHK0whGDyEM,2023-07-07,youtube_browser_metadata,2026-07-05T16:40:36
GKNcCw6_Ju8,2021-10-05,youtube_browser_metadata,2026-07-05T16:40:36
GRbhbfUP7VQ,2023-06-30,youtube_browser_metadata,2026-07-05T16:40:36
GVezVQMYDi4,2022-09-07,youtube_browser_metadata,2026-07-05T16:40:36
Gd6HeLT4hrY,2023-11-09,youtube_browser_metadata,2026-07-05T16:40:36
GgqLu3JewvI,2017-11-07,youtube_browser_metadata,2026-07-05T16:40:36
GjvdYPVQze8,2023-04-14,youtube_browser_metadata,2026-07-05T16:40:36
GoFgsybYKdc,2022-03-21,youtube_browser_metadata,2026-07-05T16:40:36
GuYNc7u5ud0,2021-08-11,youtube_browser_metadata,2026-07-05T16:40:36
H0ue3q8FUls,2021-04-16,youtube_browser_metadata,2026-07-05T16:40:36
H8ZUxaeyvlY,2024-04-09,youtube_browser_metadata,2026-07-05T16:40:36
HEKZOcV3bKU,2021-08-17,youtube_browser_metadata,2026-07-05T16:40:36
HNceyx4L0Lc,2022-05-05,youtube_browser_metadata,2026-07-05T16:40:36
Hg7nFiDNeHs,2022-04-12,youtube_browser_metadata,2026-07-05T16:40:36
HjzPu9FLVmo,2020-08-20,youtube_browser_metadata,2026-07-05T16:40:36
Hvfa6p10H6c,2023-07-17,youtube_browser_metadata,2026-07-05T16:40:36
HxXLWC_JRdM,2025-07-09,youtube_browser_metadata,2026-07-05T16:40:36
I6kd3ggg81w,2025-08-01,youtube_browser_metadata,2026-07-05T16:40:36
IBxHD3M87e8,2026-01-27,youtube_browser_metadata,2026-07-05T16:40:36
IOCar-pgdh4,2023-10-30,youtube_browser_metadata,2026-07-05T16:40:36
IhlB1I2VLU8,2018-04-10,youtube_browser_metadata,2026-07-05T16:40:36
J1DnIDv5Gts,2022-06-06,youtube_browser_metadata,2026-07-05T16:40:36
J3ADtaBWX68,2023-05-02,youtube_browser_metadata,2026-07-05T16:40:36
JAmxY_hPdn8,2024-07-26,youtube_browser_metadata,2026-07-05T16:40:36
JD6znIigKJ4,2022-09-14,youtube_browser_metadata,2026-07-05T16:40:36
JHSPSeFCaxs,2024-12-03,youtube_browser_metadata,2026-07-05T16:40:36
JKQZ8pSh730,2024-06-25,youtube_browser_metadata,2026-07-05T16:40:36
JR8tsyLRPoo,2022-09-12,youtube_browser_metadata,2026-07-05T16:40:36
JVBnkTbijl0,2019-08-09,youtube_browser_metadata,2026-07-05T16:40:36
JnITPj7bsmA,2025-11-21,youtube_browser_metadata,2026-07-05T16:40:36
Jxng3koUR5o,2021-02-23,youtube_browser_metadata,2026-07-05T16:40:36
K5tEx8hRZaM,2018-07-28,youtube_browser_metadata,2026-07-05T16:40:36
KD7odddh-ik,2019-05-07,youtube_browser_metadata,2026-07-05T16:40:36
KGLtZ4DledU,2023-05-04,youtube_browser_metadata,2026-07-05T16:40:36
KLn9enP4owU,2025-01-31,youtube_browser_metadata,2026-07-05T16:40:36
KMYOoWD3UN4,2025-09-11,youtube_browser_metadata,2026-07-05T16:40:36
KZaENTo8viA,2022-10-03,youtube_browser_metadata,2026-07-05T16:40:36
Kmv4rkumcHg,2018-05-10,youtube_browser_metadata,2026-07-05T16:40:36
KuTvkkrBIcw,2020-01-10,youtube_browser_metadata,2026-07-05T16:40:36
KwrSB085FSw,2021-05-27,youtube_browser_metadata,2026-07-05T16:40:36
L1d7uUR02kg,2025-03-25,youtube_browser_metadata,2026-07-05T16:40:36
L22gaWp6GVQ,2024-04-05,youtube_browser_metadata,2026-07-05T16:40:36
L57DvLqmxLw,2020-08-03,youtube_browser_metadata,2026-07-05T16:40:36
LB6HotI0ntI,2022-03-28,youtube_browser_metadata,2026-07-05T16:40:36
LCqGf27Xyvk,2023-06-06,youtube_browser_metadata,2026-07-05T16:40:36
LR5HnlH1qcA,2024-06-14,youtube_browser_metadata,2026-07-05T16:40:36
LSuPBKZoVAQ,2021-07-23,youtube_browser_metadata,2026-07-05T16:40:36
LawUZZEwsJ0,2019-01-29,youtube_browser_metadata,2026-07-05T16:40:36
Lzn37gsjIhM,2019-05-31,youtube_browser_metadata,2026-07-05T16:40:36
M4N-dL_CeqE,2017-10-03,youtube_browser_metadata,2026-07-05T16:40:36
MJiOaK8HiYE,2025-01-09,youtube_browser_metadata,2026-07-05T16:40:36
MPpkIP1U8KM,2024-05-29,youtube_browser_metadata,2026-07-05T16:40:36
MTbT-2xYfAU,2023-11-01,youtube_browser_metadata,2026-07-05T16:40:36
MfKwBzeaKnw,2019-08-27,youtube_browser_metadata,2026-07-05T16:40:36
MkukDIHnrBk,2020-06-05,youtube_browser_metadata,2026-07-05T16:40:36
MnS91-08rO0,2025-11-04,youtube_browser_metadata,2026-07-05T16:40:36
N4VUMc0GCvo,2023-06-16,youtube_browser_metadata,2026-07-05T16:40:36
N63rsMxeOYA,2025-05-15,youtube_browser_metadata,2026-07-05T16:40:36
NFR6GxUuKqI,2023-01-20,youtube_browser_metadata,2026-07-05T16:40:36
NICPkDlAXio,2022-11-01,youtube_browser_metadata,2026-07-05T16:40:36
NIEoqjZpPuY,2019-09-03,youtube_browser_metadata,2026-07-05T16:40:36
NNjDtl-u-rs,2022-05-18,youtube_browser_metadata,2026-07-05T16:40:36
NNv2uWeCS50,2024-05-23,youtube_browser_metadata,2026-07-05T16:40:36
NS1Mqas-xBA,2018-12-27,youtube_browser_metadata,2026-07-05T16:40:36
NhOYA_2LxzQ,2020-02-04,youtube_browser_metadata,2026-07-05T16:40:36
NsgXHtoS-OQ,2017-07-18,youtube_browser_metadata,2026-07-05T16:40:36
Nu8bL0cCLkA,2025-10-02,youtube_browser_metadata,2026-07-05T16:40:36
O-cfZ5_OMQ0,2024-11-04,youtube_browser_metadata,2026-07-05T16:40:36
ONSecW-lDnM,2018-11-13,youtube_browser_metadata,2026-07-05T16:40:36
OSNV6224cHg,2025-02-18,youtube_browser_metadata,2026-07-05T16:40:36
OYKcJZ61Vv4,2023-12-05,youtube_browser_metadata,2026-07-05T16:40:36
Ogh52RYCUm0,2022-05-13,youtube_browser_metadata,2026-07-05T16:40:36
OmZPZOB4-_U,2020-12-29,youtube_browser_metadata,2026-07-05T16:40:36
OvWv7Os9kg4,2021-06-21,youtube_browser_metadata,2026-07-05T16:40:36
OwR6dgeGoxg,2017-12-04,youtube_browser_metadata,2026-07-05T16:40:36
P0pjdWWi7bs,2025-03-31,youtube_browser_metadata,2026-07-05T16:40:36
P1GFbX_7Iok,2025-02-11,youtube_browser_metadata,2026-07-05T16:40:36
P1O9h5vsLmY,2021-05-14,youtube_browser_metadata,2026-07-05T16:40:36
PHV1VtYof98,2024-01-26,youtube_browser_metadata,2026-07-05T16:40:36
PHm-egAUuwo,2022-10-18,youtube_browser_metadata,2026-07-05T16:40:36
PUrQpnQ7bi8,2025-02-26,youtube_browser_metadata,2026-07-05T16:40:36
PeNZE-wH3Eo,2019-10-17,youtube_browser_metadata,2026-07-05T16:40:36
Pi9UEf2o-8U,2025-01-02,youtube_browser_metadata,2026-07-05T16:40:36
PlTuYh5hXIc,2022-11-22,youtube_browser_metadata,2026-07-05T16:40:36
Pr91Crzl7DI,2020-06-11,youtube_browser_metadata,2026-07-05T16:40:36
Q2XZ369bRkk,2020-12-07,youtube_browser_metadata,2026-07-05T16:40:36
Q5Gz1fsacns,2018-09-25,youtube_browser_metadata,2026-07-05T16:40:36
Q6gZ3OHqTcc,2025-10-14,youtube_browser_metadata,2026-07-05T16:40:36
QG5KDhlmFRI,2025-12-18,youtube_browser_metadata,2026-07-05T16:40:36
QGeWljZSLcA,2024-07-23,youtube_browser_metadata,2026-07-05T16:40:36
QMy1K2hQ15M,2020-02-25,youtube_browser_metadata,2026-07-05T16:40:36
QN68B_bEMEw,2017-08-23,youtube_browser_metadata,2026-07-05T16:40:36
QjYvM7f8bIY,2026-01-06,youtube_browser_metadata,2026-07-05T16:40:36
RGdYUoQXnn8,2022-04-06,youtube_browser_metadata,2026-07-05T16:40:36
RHRco1I3dos,2019-04-11,youtube_browser_metadata,2026-07-05T16:40:36
RYzy2drIllM,2019-09-11,youtube_browser_metadata,2026-07-05T16:40:36
RctPsvWPEpE,2019-12-26,youtube_browser_metadata,2026-07-05T16:40:36
RfnOeHj9c7w,2024-09-17,youtube_browser_metadata,2026-07-05T16:40:36
RgA9KyRJNhA,2020-01-24,youtube_browser_metadata,2026-07-05T16:40:36
RwZiW5qBynM,2024-08-29,youtube_browser_metadata,2026-07-05T16:40:36
Rxngk4FZcI8,2021-07-12,youtube_browser_metadata,2026-07-05T16:40:36
SOKS7DITOsA,2019-09-20,youtube_browser_metadata,2026-07-05T16:40:36
SX669_q8Vyc,2020-01-28,youtube_browser_metadata,2026-07-05T16:40:36
ShTFssyDRio,2023-03-28,youtube_browser_metadata,2026-07-05T16:40:36
SjNaPdvbPQE,2022-07-12,youtube_browser_metadata,2026-07-05T16:40:36
SnS09LMCWLE,2019-11-25,youtube_browser_metadata,2026-07-05T16:40:36
SoGS7ve9MGM,2023-11-17,youtube_browser_metadata,2026-07-05T16:40:36
SowjUi0QZfo,2025-04-23,youtube_browser_metadata,2026-07-05T16:40:36
SpQ6sGkWTcA,2020-09-10,youtube_browser_metadata,2026-07-05T16:40:36
SwJxdIQKFOE,2019-05-21,youtube_browser_metadata,2026-07-05T16:40:36
T2sFaOgxNhQ,2020-06-18,youtube_browser_metadata,2026-07-05T16:40:36
TC0DXuCK2AI,2023-07-25,youtube_browser_metadata,2026-07-05T16:40:36
TVyZdOst3Wk,2018-08-10,youtube_browser_metadata,2026-07-05T16:40:36
TXHP1X6mN9k,2025-09-05,youtube_browser_metadata,2026-07-05T16:40:36
TYmHbqObgo8,2022-07-28,youtube_browser_metadata,2026-07-05T16:40:36
TZ9sg25tiW0,2020-04-03,youtube_browser_metadata,2026-07-05T16:40:36
TZCuE2aYeIs,2019-10-01,youtube_browser_metadata,2026-07-05T16:40:36
TvNxaEtpxF4,2021-04-02,youtube_browser_metadata,2026-07-05T16:40:36
UJT4mgu3VbU,2018-11-20,youtube_browser_metadata,2026-07-05T16:40:36
UNhKNSxBmIo,2019-10-10,youtube_browser_metadata,2026-07-05T16:40:36
URtAGnwD_Ho,2024-04-25,youtube_browser_metadata,2026-07-05T16:40:36
UgdCRi_g5ik,2020-04-04,youtube_browser_metadata,2026-07-05T16:40:36
VCr6GstBLpk,2021-01-27,youtube_browser_metadata,2026-07-05T16:40:36
VGWVgEfEpSQ,2021-01-07,youtube_browser_metadata,2026-07-05T16:40:36
VRmp665LMIU,2018-03-20,youtube_browser_metadata,2026-07-05T16:40:36
VsVloLR-cgo,2023-01-27,youtube_browser_metadata,2026-07-05T16:40:36
VzcVuJ4ZWtk,2020-04-07,youtube_browser_metadata,2026-07-05T16:40:36
W1-msyO9yQQ,2026-04-24,youtube_browser_metadata,2026-07-05T16:40:36
WARcYHfIbeg,2023-07-19,youtube_browser_metadata,2026-07-05T16:40:36
WIw47eA2Wi4,2018-12-18,youtube_browser_metadata,2026-07-05T16:40:36
WNJMZauf0hw,2021-09-17,youtube_browser_metadata,2026-07-05T16:40:36
WVtqB-894lI,2018-09-04,youtube_browser_metadata,2026-07-05T16:40:36
WWfcx4i3Ia8,2024-11-07,youtube_browser_metadata,2026-07-05T16:40:36
WmBnjwW_mtU,2022-07-19,youtube_browser_metadata,2026-07-05T16:40:36
WrP4EbXCi9Y,2024-06-18,youtube_browser_metadata,2026-07-05T16:40:36
WtAP2AY1hj8,2019-07-03,youtube_browser_metadata,2026-07-05T16:40:36
WtLBBe-xaZ0,2017-11-13,youtube_browser_metadata,2026-07-05T16:40:36
WziX_aqdGeU,2020-09-29,youtube_browser_metadata,2026-07-05T16:40:36
XPh0M1TPzwY,2023-06-19,youtube_browser_metadata,2026-07-05T16:40:36
XSqsxRT4NVU,2023-08-31,youtube_browser_metadata,2026-07-05T16:40:36
XXIY8pH-NyE,2022-09-22,youtube_browser_metadata,2026-07-05T16:40:36
XZniK9v1Xg0,2018-06-06,youtube_browser_metadata,2026-07-05T16:40:36
XeQlMLi6gZI,2018-06-20,youtube_browser_metadata,2026-07-05T16:40:36
XtZLq8TEmEU,2020-11-16,youtube_browser_metadata,2026-07-05T16:40:36
XvLWezTXjMk,2023-07-27,youtube_browser_metadata,2026-07-05T16:40:36
YBoVPW0wvhY,2024-07-11,youtube_browser_metadata,2026-07-05T16:40:36
YMgAY7dXfiA,2019-07-09,youtube_browser_metadata,2026-07-05T16:40:36
YYPvrWMP1Rg,2018-11-27,youtube_browser_metadata,2026-07-05T16:40:36
Yc_clSPaPyA,2020-10-29,youtube_browser_metadata,2026-07-05T16:40:36
Ycy2XIPk900,2024-12-13,youtube_browser_metadata,2026-07-05T16:40:36
Yh0MkQcaPS0,2025-02-05,youtube_browser_metadata,2026-07-05T16:40:36
YmQkZfi5WxI,2020-06-29,youtube_browser_metadata,2026-07-05T16:40:36
YreZouGlA4I,2023-01-18,youtube_browser_metadata,2026-07-05T16:40:36
ZA7nX9f19yw,2023-03-21,youtube_browser_metadata,2026-07-05T16:40:36
ZNx4F2mQJUk,2018-01-30,youtube_browser_metadata,2026-07-05T16:40:36
ZTw7phD0_Mc,2025-09-23,youtube_browser_metadata,2026-07-05T16:40:36
ZdTXA1oxSSA,2018-07-17,youtube_browser_metadata,2026-07-05T16:40:36
Zh6se3FAglk,2025-04-08,youtube_browser_metadata,2026-07-05T16:40:36
ZjWR90dc6YI,2021-02-10,youtube_browser_metadata,2026-07-05T16:40:36
ZqI_-DH7lBc,2025-05-27,youtube_browser_metadata,2026-07-05T16:40:36
Zqbg1R5riVk,2017-08-01,youtube_browser_metadata,2026-07-05T16:40:36
ZrYvJqAuM-k,2021-03-16,youtube_browser_metadata,2026-07-05T16:40:36
_69OKoIdNb4,2018-07-24,youtube_browser_metadata,2026-07-05T16:40:36
_BWguwtx40c,2021-06-28,youtube_browser_metadata,2026-07-05T16:40:36
_Ml1DOf0tEI,2019-06-20,youtube_browser_metadata,2026-07-05T16:40:36
_PVlG0XcSz0,2020-03-10,youtube_browser_metadata,2026-07-05T16:40:36
_R61_iFXisE,2020-09-21,youtube_browser_metadata,2026-07-05T16:40:36
_RyEzaHThrY,2020-06-23,youtube_browser_metadata,2026-07-05T16:40:36
_U8YEzosz2E,2020-05-21,youtube_browser_metadata,2026-07-05T16:40:36
_W4a25ty1Ao,2021-01-13,youtube_browser_metadata,2026-07-05T16:40:36
_ZiWkRiM-b0,2018-04-04,youtube_browser_metadata,2026-07-05T16:40:36
_p0SBuCVb84,2020-12-15,youtube_browser_metadata,2026-07-05T16:40:36
_zYgDmEOxNE,2023-06-01,youtube_browser_metadata,2026-07-05T16:40:36
a3a9nXnCiRs,2023-11-20,youtube_browser_metadata,2026-07-05T16:40:36
a4v6pSOsC9c,2023-02-06,youtube_browser_metadata,2026-07-05T16:40:36
aLK7p5EOWFE,2023-06-26,youtube_browser_metadata,2026-07-05T16:40:36
aLNJ9JEWFaw,2025-09-02,youtube_browser_metadata,2026-07-05T16:40:36
aMDfxMA0w3k,2024-05-31,youtube_browser_metadata,2026-07-05T16:40:36
aMqF_1SzFt4,2024-02-13,youtube_browser_metadata,2026-07-05T16:40:36
aWoEzXLUppM,2022-12-14,youtube_browser_metadata,2026-07-05T16:40:36
advSNUKAVbM,2022-06-16,youtube_browser_metadata,2026-07-05T16:40:36
agKBIK3IJaI,2019-08-13,youtube_browser_metadata,2026-07-05T16:40:36
agL2LV596Kc,2025-09-18,youtube_browser_metadata,2026-07-05T16:40:36
aswCyuYhFOg,2018-06-26,youtube_browser_metadata,2026-07-05T16:40:36
bACV94alOuM,2020-08-26,youtube_browser_metadata,2026-07-05T16:40:36
bDmPfEeo69o,2023-06-08,youtube_browser_metadata,2026-07-05T16:40:36
bIGbLd3_8AE,2024-03-05,youtube_browser_metadata,2026-07-05T16:40:36
bTRKPnIKglY,2022-12-19,youtube_browser_metadata,2026-07-05T16:40:36
blqiTJG2Img,2021-08-03,youtube_browser_metadata,2026-07-05T16:40:36
byJ3B-GOU3M,2018-08-14,youtube_browser_metadata,2026-07-05T16:40:36
bzjfB6iauL0,2018-01-18,youtube_browser_metadata,2026-07-05T16:40:36
c1WJs00XRfY,2021-04-23,youtube_browser_metadata,2026-07-05T16:40:36
c6NFHG3Xk-w,2024-12-17,youtube_browser_metadata,2026-07-05T16:40:36
cFXIj1TfULY,2018-11-08,youtube_browser_metadata,2026-07-05T16:40:36
cJdyAZ-btWU,2023-08-08,youtube_browser_metadata,2026-07-05T16:40:36
cOxJOjEow5s,2018-10-09,youtube_browser_metadata,2026-07-05T16:40:36
cYRom4Yex6w,2020-12-10,youtube_browser_metadata,2026-07-05T16:40:36
ci414DwWh9o,2020-04-06,youtube_browser_metadata,2026-07-05T16:40:36
co25vcPvDsE,2019-05-14,youtube_browser_metadata,2026-07-05T16:40:36
cv4bMZd6e2w,2021-02-01,youtube_browser_metadata,2026-07-05T16:40:36
czSzF8FBzlg,2022-07-07,youtube_browser_metadata,2026-07-05T16:40:36
dDVrAb_GfxU,2018-07-03,youtube_browser_metadata,2026-07-05T16:40:36
dER3XEMDt58,2017-09-01,youtube_browser_metadata,2026-07-05T16:40:36
dLWVLujnKLM,2024-09-24,youtube_browser_metadata,2026-07-05T16:40:36
dP16gWToUcc,2018-12-04,youtube_browser_metadata,2026-07-05T16:40:36
daqy8_hvsRA,2023-09-04,youtube_browser_metadata,2026-07-05T16:40:36
dvVVleUWbVo,2021-06-03,youtube_browser_metadata,2026-07-05T16:40:36
dwoKpq1hMtU,2022-06-28,youtube_browser_metadata,2026-07-05T16:40:36
e-P3IO_aAhI,2025-03-19,youtube_browser_metadata,2026-07-05T16:40:36
eBM_Vgw91NA,2017-07-04,youtube_browser_metadata,2026-07-05T16:40:36
eDllfszXP0U,2023-11-22,youtube_browser_metadata,2026-07-05T16:40:36
eMmY2at6oL8,2025-07-24,youtube_browser_metadata,2026-07-05T16:40:36
eP1HquJbP_A,2025-03-28,youtube_browser_metadata,2026-07-05T16:40:36
eYbTaGqTwDg,2024-10-11,youtube_browser_metadata,2026-07-05T16:40:36
f4Rf4EeMh1w,2025-05-07,youtube_browser_metadata,2026-07-05T16:40:36
f6tp7JbeuwQ,2019-04-05,youtube_browser_metadata,2026-07-05T16:40:36
f9320Lqo4eI,2025-11-07,youtube_browser_metadata,2026-07-05T16:40:36
fA6LwoKDq6s,2024-11-12,youtube_browser_metadata,2026-07-05T16:40:36
fWiXZAfIH2Y,2024-03-28,youtube_browser_metadata,2026-07-05T16:40:36
fhDTouEpDZs,2019-01-11,youtube_browser_metadata,2026-07-05T16:40:36
ftCPe3Yxztk,2026-06-03,youtube_browser_metadata,2026-07-05T16:40:36
fta32vuFOok,2026-01-20,youtube_browser_metadata,2026-07-05T16:40:36
fxBCPGaWu9Y,2026-04-01,youtube_browser_metadata,2026-07-05T16:40:36
g2UWu8lKU5k,2022-09-15,youtube_browser_metadata,2026-07-05T16:40:36
gAEp0ji6K3U,2024-08-06,youtube_browser_metadata,2026-07-05T16:40:36
gDagFfCg3pU,2019-10-31,youtube_browser_metadata,2026-07-05T16:40:36
gM_Q4_3-rFk,2024-08-22,youtube_browser_metadata,2026-07-05T16:40:36
ga2JC8uFl7o,2022-05-03,youtube_browser_metadata,2026-07-05T16:40:36
gaJ_2gyLbC4,2023-05-23,youtube_browser_metadata,2026-07-05T16:40:36
gfrT2uNVq7Y,2018-08-02,youtube_browser_metadata,2026-07-05T16:40:36
gjFvLb3tM5U,2024-01-10,youtube_browser_metadata,2026-07-05T16:40:36
gkwO1W3YU6Q,2024-07-18,youtube_browser_metadata,2026-07-05T16:40:36
gnUsQg6NNV4,2024-04-16,youtube_browser_metadata,2026-07-05T16:40:36
go8LnaazQ60,2023-05-10,youtube_browser_metadata,2026-07-05T16:40:36
hHrjnIpiU74,2025-10-08,youtube_browser_metadata,2026-07-05T16:40:36
hRcpRl4R6Fc,2020-11-07,youtube_browser_metadata,2026-07-05T16:40:36
hdyRJsTQfTk,2021-04-07,youtube_browser_metadata,2026-07-05T16:40:36
hePGRRVKhkI,2023-10-16,youtube_browser_metadata,2026-07-05T16:40:36
hi1c2MVrWi8,2019-03-12,youtube_browser_metadata,2026-07-05T16:40:36
hke5GiWgMLA,2024-10-30,youtube_browser_metadata,2026-07-05T16:40:36
hpHQqJsnSZI,2019-11-20,youtube_browser_metadata,2026-07-05T16:40:36
hue9ZWRMaYo,2025-08-12,youtube_browser_metadata,2026-07-05T16:40:36
hyZmrhgjIlc,2021-08-05,youtube_browser_metadata,2026-07-05T16:40:36
iEsMgvsTi14,2019-07-17,youtube_browser_metadata,2026-07-05T16:40:36
iGm7lgKVa1E,2018-02-07,youtube_browser_metadata,2026-07-05T16:40:36
iKPi_-XQsW4,2018-08-16,youtube_browser_metadata,2026-07-05T16:40:36
iSfD_dI9SQc,2023-02-28,youtube_browser_metadata,2026-07-05T16:40:36
im_5XbHu4-U,2025-06-18,youtube_browser_metadata,2026-07-05T16:40:36
ioB2d5WW1f8,2025-06-26,youtube_browser_metadata,2026-07-05T16:40:36
ipS8qV-qiCU,2021-04-05,youtube_browser_metadata,2026-07-05T16:40:36
iqV6Ytnzn4c,2021-01-19,youtube_browser_metadata,2026-07-05T16:40:36
iqjLbIJOMlw,2026-01-12,youtube_browser_metadata,2026-07-05T16:40:36
iyTTFy9cXYo,2025-05-20,youtube_browser_metadata,2026-07-05T16:40:36
j0pTBs2CeKo,2023-06-14,youtube_browser_metadata,2026-07-05T16:40:36
jDUwuYQt48s,2024-02-21,youtube_browser_metadata,2026-07-05T16:40:36
jKTSj8v7w1M,2018-08-23,youtube_browser_metadata,2026-07-05T16:40:36
jN4TlMcHZNU,2022-12-08,youtube_browser_metadata,2026-07-05T16:40:36
jOzucv3vc74,2024-02-29,youtube_browser_metadata,2026-07-05T16:40:36
jPRNvnNCsvc,2019-07-25,youtube_browser_metadata,2026-07-05T16:40:36
jQAJM1Mtoco,2025-04-29,youtube_browser_metadata,2026-07-05T16:40:36
jYJFtHAp5xQ,2019-08-19,youtube_browser_metadata,2026-07-05T16:40:36
jajh9x0_3tI,2020-10-07,youtube_browser_metadata,2026-07-05T16:40:36
jotRWbaMwns,2018-05-16,youtube_browser_metadata,2026-07-05T16:40:36
jzeTz9clIC8,2026-03-17,youtube_browser_metadata,2026-07-05T16:40:36
k7FsUBnhJ4I,2018-03-16,youtube_browser_metadata,2026-07-05T16:40:36
kM3nZS_hd4o,2023-01-12,youtube_browser_metadata,2026-07-05T16:40:36
kNMs32ahSE4,2020-07-27,youtube_browser_metadata,2026-07-05T16:40:36
kdsXbCeaQDU,2025-12-03,youtube_browser_metadata,2026-07-05T16:40:36
km1f1W0Tl6k,2025-01-23,youtube_browser_metadata,2026-07-05T16:40:36
knhnCHaNZRQ,2024-05-02,youtube_browser_metadata,2026-07-05T16:40:36
l-W7AvbhufQ,2022-09-29,youtube_browser_metadata,2026-07-05T16:40:36
l81VbOU-BCA,2019-04-23,youtube_browser_metadata,2026-07-05T16:40:36
l9yXgf60MkA,2019-09-26,youtube_browser_metadata,2026-07-05T16:40:36
lCwBD_VFMzs,2019-04-19,youtube_browser_metadata,2026-07-05T16:40:36
lhU4LTnwQQA,2024-02-22,youtube_browser_metadata,2026-07-05T16:40:36
lianKU4GftE,2018-02-15,youtube_browser_metadata,2026-07-05T16:40:36
lkWJcUyUHX4,2017-09-27,youtube_browser_metadata,2026-07-05T16:40:36
lq102tK_CV8,2026-02-18,youtube_browser_metadata,2026-07-05T16:40:36
lut1vHn4FxA,2023-08-01,youtube_browser_metadata,2026-07-05T16:40:36
mABwgkaYD78,2024-08-13,youtube_browser_metadata,2026-07-05T16:40:36
mCPn7j15oUY,2022-04-18,youtube_browser_metadata,2026-07-05T16:40:36
mfZ58jxjqds,2025-08-20,youtube_browser_metadata,2026-07-05T16:40:36
mgGm_74Lc9M,2019-11-05,youtube_browser_metadata,2026-07-05T16:40:36
n-s47Bf93rU,2024-05-08,youtube_browser_metadata,2026-07-05T16:40:36
nIdicl5L5IE,2019-12-13,youtube_browser_metadata,2026-07-05T16:40:36
nP3rO_7bqGI,2025-11-25,youtube_browser_metadata,2026-07-05T16:40:36
n_xlEgAJMYU,2017-08-18,youtube_browser_metadata,2026-07-05T16:40:36
ndBshxnDIC4,2020-12-03,youtube_browser_metadata,2026-07-05T16:40:36
noRbaO3CirU,2024-04-11,youtube_browser_metadata,2026-07-05T16:40:36
oDYrPcpEAwA,2019-06-17,youtube_browser_metadata,2026-07-05T16:40:36
oDpjyGdxsJA,2021-08-26,youtube_browser_metadata,2026-07-05T16:40:36
oGmufQEXnac,2019-06-14,youtube_browser_metadata,2026-07-05T16:40:36
oKzgROnDNPI,2025-05-30,youtube_browser_metadata,2026-07-05T16:40:36
oMCG4vAIGLs,2020-04-13,youtube_browser_metadata,2026-07-05T16:40:36
oWlnFBs0p7k,2022-10-10,youtube_browser_metadata,2026-07-05T16:40:36
oX3VTbifVic,2021-07-07,youtube_browser_metadata,2026-07-05T16:40:36
oYdyAQkJyik,2023-12-19,youtube_browser_metadata,2026-07-05T16:40:36
obwekjqpYMQ,2017-09-13,youtube_browser_metadata,2026-07-05T16:40:36
onJ-7toMx3Q,2019-02-14,youtube_browser_metadata,2026-07-05T16:40:36
ooJruaL8xIc,2018-07-30,youtube_browser_metadata,2026-07-05T16:40:36
osaumP0BPCs,2023-02-22,youtube_browser_metadata,2026-07-05T16:40:36
owkJUTvc1tQ,2020-04-09,youtube_browser_metadata,2026-07-05T16:40:36
oxC6rfyFkMk,2018-01-09,youtube_browser_metadata,2026-07-05T16:40:36
p7bqTM3yAPI,2023-08-29,youtube_browser_metadata,2026-07-05T16:40:36
pDT-4-mDkjo,2020-07-22,youtube_browser_metadata,2026-07-05T16:40:36
pOVmxbpkp9c,2025-12-30,youtube_browser_metadata,2026-07-05T16:40:36
pS13XyQcD5k,2023-10-02,youtube_browser_metadata,2026-07-05T16:40:36
pSbtkO4Pwk8,2020-03-05,youtube_browser_metadata,2026-07-05T16:40:36
pZammxuR_PY,2023-08-15,youtube_browser_metadata,2026-07-05T16:40:36
peTijsKyeG0,2024-12-23,youtube_browser_metadata,2026-07-05T16:40:36
pgvR_RlGmNQ,2022-05-31,youtube_browser_metadata,2026-07-05T16:40:36
phEMmDPQ_5E,2019-12-05,youtube_browser_metadata,2026-07-05T16:40:36
pjAn9kSqhfs,2023-11-07,youtube_browser_metadata,2026-07-05T16:40:36
pnRVojgNVmk,2020-03-17,youtube_browser_metadata,2026-07-05T16:40:36
q0chC-yoQ4E,2021-04-27,youtube_browser_metadata,2026-07-05T16:40:36
q5nF14sk_X8,2020-04-17,youtube_browser_metadata,2026-07-05T16:40:36
q8Q4H27nN9k,2023-10-13,youtube_browser_metadata,2026-07-05T16:40:36
qLRkVvg2a-Y,2021-07-09,youtube_browser_metadata,2026-07-05T16:40:36
qLhGE66i-vw,2017-10-31,youtube_browser_metadata,2026-07-05T16:40:36
qSh2p1e13d0,2018-10-30,youtube_browser_metadata,2026-07-05T16:40:36
qZR83W0ruFI,2021-07-14,youtube_browser_metadata,2026-07-05T16:40:36
qqpW8D9Hhoc,2018-01-04,youtube_browser_metadata,2026-07-05T16:40:36
r9wck1hVYAY,2024-10-17,youtube_browser_metadata,2026-07-05T16:40:36
rB6veHAqR08,2019-01-03,youtube_browser_metadata,2026-07-05T16:40:36
rBlD6rkZpHs,2025-04-16,youtube_browser_metadata,2026-07-05T16:40:36
rEVzq9BFAVI,2020-09-11,youtube_browser_metadata,2026-07-05T16:40:36
rN4-IbjxY10,2024-10-23,youtube_browser_metadata,2026-07-05T16:40:36
rNUv0ZWrJeE,2026-04-09,youtube_browser_metadata,2026-07-05T16:40:36
rURePA5zR6M,2024-04-04,youtube_browser_metadata,2026-07-05T16:40:36
rWaKrL5pSqA,2021-04-12,youtube_browser_metadata,2026-07-05T16:40:36
rc2TAwL663A,2026-04-17,youtube_browser_metadata,2026-07-05T16:40:36
rtfqJjLbADA,2020-05-26,youtube_browser_metadata,2026-07-05T16:40:36
rv7O1xMNCvs,2021-04-09,youtube_browser_metadata,2026-07-05T16:40:36
s--h9IItl8g,2020-06-25,youtube_browser_metadata,2026-07-05T16:40:36
sA2ibLn2H1g,2020-03-24,youtube_browser_metadata,2026-07-05T16:40:36
sEoQepKWXQE,2019-07-08,youtube_browser_metadata,2026-07-05T16:40:36
sEsl4K2C-p8,2017-08-08,youtube_browser_metadata,2026-07-05T16:40:36
sIyNw06rTko,2023-11-27,youtube_browser_metadata,2026-07-05T16:40:36
sURhDr-DTd0,2018-04-26,youtube_browser_metadata,2026-07-05T16:40:36
swjL6prGShE,2024-03-19,youtube_browser_metadata,2026-07-05T16:40:36
tLncdhJj5jw,2025-06-03,youtube_browser_metadata,2026-07-05T16:40:36
tSsrS0gAZ1M,2019-02-05,youtube_browser_metadata,2026-07-05T16:40:36
tV60k69sUWU,2017-07-11,youtube_browser_metadata,2026-07-05T16:40:36
ttGjuNXWxpY,2018-10-24,youtube_browser_metadata,2026-07-05T16:40:36
u0AqnI-arFM,2022-12-30,youtube_browser_metadata,2026-07-05T16:40:36
u7AnyFlDSPo,2022-08-29,youtube_browser_metadata,2026-07-05T16:40:36
uA8zsRagXX4,2017-12-29,youtube_browser_metadata,2026-07-05T16:40:36
uIgjQVq3LdE,2022-12-01,youtube_browser_metadata,2026-07-05T16:40:36
uKiJyu3oWkE,2018-09-17,youtube_browser_metadata,2026-07-05T16:40:36
uZY_rkEpTcQ,2024-09-12,youtube_browser_metadata,2026-07-05T16:40:36
upV7Q0YND3c,2023-10-25,youtube_browser_metadata,2026-07-05T16:40:36
us5nhRACGeU,2019-02-19,youtube_browser_metadata,2026-07-05T16:40:36
uu6Bdv_aIrs,2020-11-23,youtube_browser_metadata,2026-07-05T16:40:36
v3qeDhgVakw,2025-06-12,youtube_browser_metadata,2026-07-05T16:40:36
vHNqIjxMYhQ,2020-04-28,youtube_browser_metadata,2026-07-05T16:40:36
vL7-jRXICFE,2021-07-30,youtube_browser_metadata,2026-07-05T16:40:36
vQe-XnDdAVE,2018-12-14,youtube_browser_metadata,2026-07-05T16:40:36
vfMn1ASQPBs,2018-01-23,youtube_browser_metadata,2026-07-05T16:40:36
vqI6jVCv-bs,2023-04-12,youtube_browser_metadata,2026-07-05T16:40:36
w7aC6TQSE8E,2021-07-01,youtube_browser_metadata,2026-07-05T16:40:36
w94x0aDkOAM,2019-03-19,youtube_browser_metadata,2026-07-05T16:40:36
wO0e2Bmb3Ac,2024-01-04,youtube_browser_metadata,2026-07-05T16:40:36
w_d47pXuCOo,2024-03-14,youtube_browser_metadata,2026-07-05T16:40:36
wnqZb1WUlic,2017-08-25,youtube_browser_metadata,2026-07-05T16:40:36
wuXUVMysjpA,2024-11-20,youtube_browser_metadata,2026-07-05T16:40:36
wxaMk3LYitw,2017-12-13,youtube_browser_metadata,2026-07-05T16:40:36
xOW7tUftC4o,2021-07-16,youtube_browser_metadata,2026-07-05T16:40:36
xSovYJURG40,2020-11-12,youtube_browser_metadata,2026-07-05T16:40:36
xW7oc4hxeLE,2023-09-12,youtube_browser_metadata,2026-07-05T16:40:36
xeD35RKuRy0,2018-06-12,youtube_browser_metadata,2026-07-05T16:40:36
xkypTAiPbkU,2025-05-13,youtube_browser_metadata,2026-07-05T16:40:36
xzsnmobugl8,2021-07-26,youtube_browser_metadata,2026-07-05T16:40:36
y6vfTRAs63o,2022-08-17,youtube_browser_metadata,2026-07-05T16:40:36
y8LFCjTzCOc,2021-06-15,youtube_browser_metadata,2026-07-05T16:40:36
yOKIc0vTnvU,2025-12-11,youtube_browser_metadata,2026-07-05T16:40:36
yO_HGTJo3Ss,2019-06-25,youtube_browser_metadata,2026-07-05T16:40:36
yP1K9p33g0w,2020-09-16,youtube_browser_metadata,2026-07-05T16:40:36
yQcH5K-oEqY,2024-09-04,youtube_browser_metadata,2026-07-05T16:40:36
yWqmMTiTAi8,2022-04-19,youtube_browser_metadata,2026-07-05T16:40:36
yXVt0ILwvVY,2024-02-27,youtube_browser_metadata,2026-07-05T16:40:36
yaqvE9rYUkA,2026-04-21,youtube_browser_metadata,2026-07-05T16:40:36
yfvXfOtAulY,2024-07-30,youtube_browser_metadata,2026-07-05T16:40:36
ys0pgB72LIk,2025-07-18,youtube_browser_metadata,2026-07-05T16:40:36
yyKTuO3f6Zg,2023-12-28,youtube_browser_metadata,2026-07-05T16:40:36
z5XQcnQf2ks,2022-08-08,youtube_browser_metadata,2026-07-05T16:40:36
z9DoLwP3OhQ,2017-10-11,youtube_browser_metadata,2026-07-05T16:40:36
zRxGewAY-nE,2018-05-30,youtube_browser_metadata,2026-07-05T16:40:36
zZi5dyiStNw,2025-12-23,youtube_browser_metadata,2026-07-05T16:40:36
z_Ac-5U6VLE,2020-04-10,youtube_browser_metadata,2026-07-05T16:40:36
zgM_XDIYtag,2023-07-05,youtube_browser_metadata,2026-07-05T16:40:36
zi7oyxp8sYM,2018-10-02,youtube_browser_metadata,2026-07-05T16:40:36
ztAt03EG140,2023-04-04,youtube_browser_metadata,2026-07-05T16:40:36
